Title,Company,Location,URL
unity 3d developer,"presta sports, llc","conshohocken, pa",https://www.simplyhired.com/job/qPQiSVcHVdeBKDiMwbv3sVATeUwOAOfLJSKYvYCSo5CEt9DxkrH_rQ
web developer iii,"partners consulting, inc.","philadelphia, pa",https://www.simplyhired.com/job/pc5Di15jSgRUkfz8bjevqQzprxLn-kqGyHwfgUs8DdayP5hQxES5Cg
direct mail data processing programmer - commercial print / direct mail,phoenix lithographing corporation,"philadelphia, pa",https://www.simplyhired.com/job/VjRs820ps3nHh8SXkC80UZfWFrLQuy1dbjH9HlxXyc3fmM3a61qamw
senior software engineer / philadelphia,motion recruitment,"philadelphia, pa",https://www.simplyhired.com/job/B7lxRP6B5GCh7rI5Ce-mcRYS96iRVIeNfCaK2FzFg8K4pdXIZcHsYg
azure cloud engineer,jla resourcing,"philadelphia, pa",https://www.simplyhired.com/job/0TdJmgYP8k1ycxpq3AvWA-gKX6-l74JVMP29GKnTjer-Ux_W_kSBYw
mobile developer,thayer distribution,"aston, pa",https://www.simplyhired.com/job/4_GzaHHS6WH4trEhz7bzrUTial4RwLd1dQwvaWCJIkBAAZ1zOxfE5Q
.net core software engineer (intermediate),the personnel consulting group,united states,https://www.simplyhired.com/job/EEMI6pA7M9kkY38-pxBPhPkAfxbuWbwWTsB2iUL6hLl-paM_bau_yg
z/os systems programmer contract - remote,calibro corp,united states,https://www.simplyhired.com/job/BB8sftPAxzbl8-syA6K3pfskRCtk2ChrKD-jlVJLPZxwDp8D03P08g
sr. c/c++ software engineer,comcast corporation,pennsylvania,https://www.simplyhired.com/job/BudRlJkK2OwOivC9T4DXpiIvRfYAoBFwmxtIK4ajq5OgYCI6tj5UuA
cloud engineer - terraform,vanguard,"wayne, pa",https://www.simplyhired.com/job/OerzavwxhqP_P0pBKc2mz4gviZezmRuQBH8QzHxMFsq3aILAZgIPIw
"senior web developer / c#, .net, javascript",motion recruitment,"philadelphia, pa",https://www.simplyhired.com/job/BmFy4P1z7lQeBgYOzS_LLx74bkBkuRiBt2ThzV_BfkEBJwzBb3dpZQ
devops engineer - global automation platforms,comcast corporation,"philadelphia, pa",https://www.simplyhired.com/job/DtC0AQ-4bAdRpcl_NpiQqGjJhBj30dJy8YWtyH6l20T9ak0lc63f7A
c++ software engineer,comcast corporation,"philadelphia, pa",https://www.simplyhired.com/job/gCfpEi3d70_df6aUXl4BJRyi2xFWPKbb96lCL5qM46Ncild_nd0e7w
principal software engineer (data),comcast corporation,pennsylvania,https://www.simplyhired.com/job/2ogkkO7kBEPMbGSLICmHaspf1qt89ZckoWEdaUBW3BwMRRNn8s7TSg
software developer,"jefferson - center city, philadelphia, pa","philadelphia, pa",https://www.simplyhired.com/job/xAz70aHUMxp0q4CcYjNlASBl6o8rakKwyX9nygpJqpFAe_YCWQ8lew
automation test engineer,digital itechnology,"philadelphia, pa",https://www.simplyhired.com/job/XFCsHQFydJN_bIJqh0JmSKrMdFlHoctA8b28kiVgrsD7C-oGEujxeA
"engineer 3, software development & engineering - 5160",comcast corporation,"philadelphia, pa",https://www.simplyhired.com/job/2_ougODJlMPT3eugp4CElQ6Zs4tgUeTkQ3RoIQMxYhITH_IUoSs7gQ
tester qa (embedded software/firmware/electronic products),esd,"fort washington, pa",https://www.simplyhired.com/job/mnBTQFO_8wy7nUcArkplAWq4a-uQcKIZIEYN58SK8YVtOFdIR1gl5w
platform engineer,motion recruitment,"horsham, pa",https://www.simplyhired.com/job/OpqIfMsJrIaDFMcPp2TRmLyG8ai3emmMnF9ZmNC6a3w1ilD8ddwCqw
backend engineer - iii,vanguard,"philadelphia, pa",https://www.simplyhired.com/job/_eaqji-17TQvcyZuEKqU67tQqFsUaf4ub8ayiawTik_Wlxze5ymE1Q
lead software engineer,macquarie group limited,"philadelphia, pa",https://www.simplyhired.com/job/P1taoyypDR4UUnEQx-mwiq4XNHuyX8lWDlwD6ebLyZDMbcf2FmJJag
"firmware engineer / pittsburgh, pa",motion recruitment,"philadelphia, pa",https://www.simplyhired.com/job/NLfxZFi6Enbt_aQwyaqfzpJxN9_Vct9jPSeVelXXXAmPxShO2Ef_BA
"machine learning engineer, specialist",vanguard,"malvern, pa",https://www.simplyhired.com/job/raJ9rYdcOtj3rIh0YJ22GnX-G46UmtkUeLK2sFqDM_mXfkpwKXAyzQ
sr. firmware engineer,newgig,"philadelphia, pa",https://www.simplyhired.com/job/SWpmJ2nWCFBpPCgG9poTdnmEQwW3mS2Zts2Opk0lmoUvJ2A7wjhM2g
comcast cybersecurity: senior devsecops engineer,comcast corporation,"philadelphia, pa",https://www.simplyhired.com/job/oPsCQbisqEUGbg8LUe-970e3YPkLWxJbxDbUul6HD5B9g8rlxaa0ug
senior .net engineer,motion recruitment,"west chester, pa",https://www.simplyhired.com/job/AH-rs8cxpTEMwEAPFFNd_cGDzSS5FRl45Pkg_BpnTO15YIKNL1mRIg
"engineer 4, full stack development-9478",comcast corporation,"philadelphia, pa",https://www.simplyhired.com/job/TaWHrQxubeyyJloTIp4xYP4pkqxxL6dY1rxX-3k-thx07n_LBBZg3w
senior cloud engineer - aws,comcast corporation,pennsylvania,https://www.simplyhired.com/job/KlusO7lK4x2dyQCBYv-e-JCs_csnFz6ODQwiqAu_-PREr_ZHYHNG1w
full stack python developer,veah consulting services pvt. ltd.,"philadelphia, pa",https://www.simplyhired.com/job/YMpNFsYKalrXusyRzt7xv-gYLAnlCshhK-EHDGd3saVUc0RV6KEHOw
lead software engineer - (data and golang)- remote- freewheel,comcast corporation,"philadelphia, pa",https://www.simplyhired.com/job/aTXoNAlCZtJ4TSVPg2IxhfnGxnkujaE6DvCxoHFK4G60hWa0WH65tQ
software development analyst 2,hii,"philadelphia, pa",https://www.simplyhired.com/job/G-VbltG0KFaP2ah6QiXImUAz5O_t8fta6UyenqTPTqWzKL-Jg5sVSA
application developer - ad24-10369,navitspartners,"philadelphia, pa",https://www.simplyhired.com/job/CVyv_je-xe1LTO2jJrtPHg5aFhuhVckkiPRBIwk8f-cBxUSAiDPl3w
python full stack developer,spg consulting llc,"philadelphia, pa",https://www.simplyhired.com/job/ZhEEbvTOtOTFVHQfXV1I78L1karpTI-ALClvoP4k5fwMQ6Y3_wxsJQ
front-end developer,federal reserve bank of philadelphia,"philadelphia, pa",https://www.simplyhired.com/job/dUER5BRDwTeiFWxRlE0jT3wp5R5meCrjXR5H6Pfl4R0ZwkT-bwslBA
full-stack software engineer with golang & java experience,comcast corporation,"philadelphia, pa",https://www.simplyhired.com/job/8neOoRUDVIxcMcujGnFv1sxutzl_ig9E6FAEnnSeQN_wObUwAIOY6g
geospatial solutions engineer - remote,michael baker international,"philadelphia, pa",https://www.simplyhired.com/job/yzqsewJgIr4ZaSyk_pOSomUGPpn3NZOMaqFNG1OA6EZZLMpEqxiJ3A
business intelligence/gis developer analyst,city of philadelphia,"philadelphia, pa",https://www.simplyhired.com/job/u9NCOHwqpiWKil7LOddWuZhncSzBwnp1-eXPNRlTaDEpRMcjgOay8w
software development & devops engineer,comcast corporation,"philadelphia, pa",https://www.simplyhired.com/job/_voula_a1V5GPamso-iUyMZai9l5L9Wy208ZB4W6YTAq9b1JUX4DXg
"software developer, way to health",penn medicine,"philadelphia, pa",https://www.simplyhired.com/job/aBjKgtDtcC48GxkM2wHd-OX_BJSg_aJbvBdjr6GagVRxqAolu2avIA
"manager 1, software development & engineering -5864",comcast corporation,"philadelphia, pa",https://www.simplyhired.com/job/3rBzyJylH5cg-7wGJWTb5811Lj6siD2073_HRqLPxLwSVKy7TSk4dA
devops admin in moorestown nj,motion recruitment,"moorestown, nj",https://www.simplyhired.com/job/Yv6GYHHdWMIgSFh-L_MYAZRjjXmRavRyyn41hngCezWv1gRdqS1QpQ
devops engineer,ora apps,"philadelphia, pa",https://www.simplyhired.com/job/K6iZNgQD7VWhu4rQ7JMk2GPT9X9hlEOJ3JeM5NMIbEsQsFxrQ_-PXA
"gsk - fall co-op/drug product development, application via ripplematch",ripplematch opportunities,"upper providence township, pa",https://www.simplyhired.com/job/RkRsPmOQP9fNk2sKLhjasmifpDUiUVVyGQpa2dTr4k4Jtadb_HMoGw
application developer,rutgers university,"camden, nj",https://www.simplyhired.com/job/sUbGS46BRZxGPsdNrD70MSBmv4-NJJ6tctCB7rFW7lsnalJ3ctTxQw
software engineer,noblis,"philadelphia, pa",https://www.simplyhired.com/job/iqINMSysTujNFcVqJd6F-aQCFSVYRvTj9c537me_g6xkHsBNxajLXQ
full stack software engineer,customers bank,"malvern, pa",https://www.simplyhired.com/job/fi9eXUmtlYrW0w8sr5dcmQXKVh_osZH4FDYx1hapOgw9AdnMZlWJ_Q
senior backend engineer,recruiting from scratch,"philadelphia, pa",https://www.simplyhired.com/job/2CNUij9W6YSDJoUsh3uvlsWB2NbkfvQeL3FRkIT-HTCT9nM3_d4wfQ
devops engineer,aveva,"philadelphia, pa",https://www.simplyhired.com/job/fFfTiMmMq_jCyeL-3HLg6uWUcU23Rm7fxhKpy9AqjmmjZLooKxTyIA
mobile engineer,impilo,"philadelphia, pa",https://www.simplyhired.com/job/CibiAu7pU0rLxw6EvBymkmoGZuhCO4uddaHAdbHdCXh8oKB2OjaIdg
salesforce engineer,m&t bank,"philadelphia, pa",https://www.simplyhired.com/job/HBeRJ4OhViNci8tXWvYjkLgMymyFfFWdUbopVLqJfwhifqv1SNnGFQ
sr software engineer 2 - back end,frontline technologies,"malvern, pa",https://www.simplyhired.com/job/b-T9sGS4-BZcFdjkbHxtkQTXBJ8pSArSX_LSFIM7QIQt2Q1mo9AYwQ
junior level application developer,ezsoft,"malvern, pa",https://www.simplyhired.com/job/HpWAr9FjCqjQmJcVfM8KGbkzfLVEyUPMUCKYqyGMZkPrB63Th0ZhJg
computer engineer,ehs technologies corporation,"philadelphia, pa",https://www.simplyhired.com/job/l3TrDyOy-0w5VZJZlmxPDIuITmu2zQfOtwofc54OW5RlXhB3gwEJQw
microsoft cloud engineer (mid and senior),penn medicine,"philadelphia, pa",https://www.simplyhired.com/job/qKe4L_cjDI4RQn5r9ma0fayfYYF8Yx8nY7-emU3wIgBXKTUwcnWb1g
cloud eng-python developer/ aws,intone networks,"malvern, pa",https://www.simplyhired.com/job/p8cX_gsH-4QBbfMe-KhWzyuYk0vYqsYQJshi39mxdRPRzo-gGd2_6Q
lead software engineer (data)- golang- remote,comcast corporation,"philadelphia, pa",https://www.simplyhired.com/job/zRyrRFylHhnEYTuBnn8g-Uzipioi2PBQ-O55didh-vEXTNq74Z1UvQ
"manager, software engineering",comcast corporation,"philadelphia, pa",https://www.simplyhired.com/job/Ep_Hd7Fx5_nKJ15jtyAvn7sq6v1CScXRkbHBu1jr0pbOj2QX1mcHcQ
"lead engineer, backend",credit genie,"conshohocken, pa",https://www.simplyhired.com/job/UAGDS1Umx-UEpoHIbvEELyLFDaV3u0RD5KSgvlJ7lALdLsQQmEz6UA
software manager,newgig,"horsham, pa",https://www.simplyhired.com/job/577wtghig3Gzf3rmUGGay5UqtWCOUthDEyvZ6Pm77b64dMzK23S6og
machine learning engineer 3-0633,comcast corporation,"philadelphia, pa",https://www.simplyhired.com/job/YjCF8OPDh4Jra_xvsE3H3pTetX5vsj05fRvf2C8Bj60BP0Nw5szxlw
software developer - security analyst,general dynamics information technology,"philadelphia, pa",https://www.simplyhired.com/job/fqd2G9T6LrHgDXZrudeReDHGwQfcTCbQBOOfj3dWxgJtb_5F8hnRuA
senior machine learning engineer/ computer vision,motion recruitment,"philadelphia, pa",https://www.simplyhired.com/job/hh6MQaVntfx5BMQAOGdrgWKEpmF-pl5tYOkVeyIvFegmsf44EyYj0A
devops engineer - global automation platforms,comcast corporation,"philadelphia, pa",https://www.simplyhired.com/job/LsLuqiqBRDjyvHELj67C9Gp0ELt7-pV0jQK1kG4v8Vl7-p60rYjr2A
staff software development engineer,cvs health,"blue bell, pa",https://www.simplyhired.com/job/73Zr1mD2448njEET1AT01G5MZWTJrVK6kCbZ23ZDRli9h5S_LNmcgg
senior software engineer (java),clarivate,"philadelphia, pa",https://www.simplyhired.com/job/3uSBPRmyHS2RV863Ftav4bVHRUeBRs8HzgYtw29uyNhIt4pfU3HUpg
mobile app developer,insagic,"philadelphia, pa",https://www.simplyhired.com/job/A4izae6CqNOUf6JfivXuKLZxH3I8Xt_3TWApr9NOY9h4DxFX5zgqMQ
sr. golang developer,it spehere inc,"philadelphia, pa",https://www.simplyhired.com/job/4KRgVYf7uLv5mtLUzZAm5xIH_e2voxDyKd8lIwpX536g8DxFsLueqA
software development manager,zenith services,"blue bell, pa",https://www.simplyhired.com/job/xIalGdnDCU_519agd8P9QPkgOEn4GLJavuP3lWd5btyuiA_rK0D7nQ
backend developer,cesium,"philadelphia, pa",https://www.simplyhired.com/job/dD8YhmO_YLBzprtu0HI4B5adg5o_CXO2r9PVwKWCtpcBjPi6yQii7g
"manager, software engineering",healthverity,"philadelphia, pa",https://www.simplyhired.com/job/M4GCBTpU5PDSfv4ZrEDIHJnh0rN-6mi9-IVpTjkQSoqtQoFxni8VSQ
workarea software developer,workarea,"philadelphia, pa",https://www.simplyhired.com/job/V5LX5J_95KT7MTT6m4hFgWn4VnhzqYghrOhK1mzwghvAolCpZ_kzyg
principal statistical programmer (remote),jazz pharmaceuticals,"philadelphia, pa",https://www.simplyhired.com/job/_GKVRfPPVqhC4oua63rSEeDyUCyYkawQ7qLAZqvGKcOHqBqI8iT8iA
associate software engineer - data analytics,"universal health services, inc. - corporate office","king of prussia, pa",https://www.simplyhired.com/job/GptIDdcYbxBmQ-IK_ykVgiOuebikOaAmGCF6771rEz1OT_wZek43tg
advanced software engineer,honeywell,"fort washington, pa",https://www.simplyhired.com/job/-kJBRmUQM3V2SZuVd40GDyWqt8w_Cw1jT6cDcza-4ACXSCyLZkqFyw
computer engineer/modeler,noblis,"philadelphia, pa",https://www.simplyhired.com/job/LdSSoeRbW4RmHf-fwCVlxulFbAFOt9KAtCFjxlOp6iYJ1Ggp2n-uZA
embedded engineer - microprocessors,themasongroup,"richboro, pa",https://www.simplyhired.com/job/bjdm405jQPBQDjTWiHnxeWdFUBb7f8XjUyIpqrakaHgnlJbxEQh7tA
principal software engineer (data),comcast corporation,"philadelphia, pa",https://www.simplyhired.com/job/uGi2GxDXb9xGPCgZRO_xei3YyW0V98pNVH8SabIulxXOqnUnlyB9aA
software engineering team lead (.net core),the personnel consulting group,united states,https://www.simplyhired.com/job/oxO5Onbp-X75D6aykylzCNd4YbVYG6dqobqLFSPAgrNoaMIK1s_wNA
"senior software engineer / c#, .net, react, azure",motion recruitment,"malvern, pa",https://www.simplyhired.com/job/6vnCWbCQW01F-OTwK6EFl-vYovHT5UWzv8OBpogEfov_BVYLb-3OCw
sr. site reliability engineer,comcast corporation,pennsylvania,https://www.simplyhired.com/job/qsCkQFPOAU9F8lp90rNR8NV25UCw8wrJ57pZJGhfB6qUdlcjukSC-A
cloud engineer - terraform,vanguard,"wayne, pa",https://www.simplyhired.com/job/LqG_xbwU3ITLbP2PgDWurXYjxwsF-q8dJGcSgSkDLE4rfIYk4ddbXA
automation engineer,gsk,"king of prussia, pa",https://www.simplyhired.com/job/GUOJ3ggVRi12Os8gppUa3X0NtPagvH8t8cdYUCKI0a8MNtOVqqlFNA
software engineer - microsoft development stack - .net,m&t bank,"philadelphia, pa",https://www.simplyhired.com/job/YmAf_mnREToJPh2tkfejLjCxY357aQOzVXADsGXHkXyvjB3SiTA7KQ
programmer analyst (full time remote),lockheed martin,"moorestown, nj",https://www.simplyhired.com/job/-R2vT2ycsURD4w9C9PzIB41gMTuCxtH1N8YRbloAtNQ6Ae-hYQLVTA
"software development engineer, ring subscriptions",amazon.com services llc,"malvern, pa",https://www.simplyhired.com/job/0NFR8WpVftJ0Z1GbHgsIsHO7LywSg0lZN1UFhRMyEffo1K56YIY8zg
software developer | mma development | experienced,susquehanna international group,"bala-cynwyd, pa",https://www.simplyhired.com/job/QIxrrAP8tL1SBer-lDlzRy0BOUOgfqGiMsn5KaRtL68K-AFyp6CWBQ
sr. software developer,data intelligence llc,"philadelphia, pa",https://www.simplyhired.com/job/s7TLtKKSbW7DeVstzQ5IMpvaxgVAL9bRvrvU9egaEYSlGXVCnTPP2Q
software engineer,lockheed martin,"king of prussia, pa",https://www.simplyhired.com/job/9mQ7Bh18FxGMYJSmmokVH4C0UMH6jEykaIBDAuv2_Y5PdEokQNSfdw
database developer,janney montgomery scott llc,"philadelphia, pa",https://www.simplyhired.com/job/j_-dCbVc5_ICC4gpx8ADrIO8v2WRg79w_XP2fwrUy7k4TZOG0kjz8g
aws full stack javascript tech arch manager -,accenture,"philadelphia, pa",https://www.simplyhired.com/job/sZTcqWoN4CTLM7J46vo3cqxBS0pw53eojPLcDKUyGceWLWE8XP5KsA
sr. progress developer,alphabroder,"trevose, pa",https://www.simplyhired.com/job/IXmLNNjhlezzK2gqUiv_qDVkBKjiQqa3-wVRfnj6D6btjmwU8ezo5w
java developer,brown brothers harriman,"philadelphia, pa",https://www.simplyhired.com/job/i6Qc_e31mMMrKqOxtoUHYKD8GT211Bew81BXi8lZj5CkRFIzbNxyCg
plc developer (software),noblis,"philadelphia, pa",https://www.simplyhired.com/job/gin-ZZrx90GR-GDgK_4eu1OuJNsWIpHDkPNpVC2CuaIrOFZ6B5doSQ
"sr software engineer, corporate finance",five below,"philadelphia, pa",https://www.simplyhired.com/job/9fpES4k3f6734T0mYt-xLx9prrY9kTDXyfcrPX0kZydXOW3iytsBlw
senior software engineer (101),speedify,"philadelphia, pa",https://www.simplyhired.com/job/2afZuT0w2zVxQnw952RWLROBRdH4tjslP2rNpmVys0kI_EU7_KfsFg
"engineer 3, software development & engineering-2156",comcast corporation,"west chester, pa",https://www.simplyhired.com/job/i9akmseuAA3dJHhFnqWC7ii7sRzWRaXQtE20jgyJRi_a6NiVeBjmFw
senior backend developer/engineer,vista higher learning,united states,https://www.simplyhired.com/job/wjzJDuIcVpzOx5z7yRR9NehfAEGCfBrqeBSRIJba-Xn2ukDtIepjNA
"machine learning engineer, specialist",vanguard,"malvern, pa",https://www.simplyhired.com/job/6MtOTvfwRqOY76M-k1XXp6-dOgvrQ3ZP_NhCwMGhOzI7KxLSykexzw
frontend react developer,the data sherpas,"philadelphia, pa",https://www.simplyhired.com/job/0NvEC7o-2DCukV9X_3aUYGa3FDLkydYVWhiSEDomZ-ZCe5qoMOonYg
"manager, application design and development",nbme,"philadelphia, pa",https://www.simplyhired.com/job/E8o1h2HsC3T7rwBtsyPs8V0OGMEzBibO6T_lgo9XS8Yj_6t3cRgtzA
clinical sas programmer,katalyst healthcares & life sciences,"philadelphia, pa",https://www.simplyhired.com/job/fWGV9kkvhSP5l72tXSBWug5p1o4Owsgbv_q4daiwVoBQMe7aUZHdvQ
software engineer – opx (libfabric provider),cornelis networks,"chesterbrook, pa",https://www.simplyhired.com/job/CbwiBUcvbpJwR5tcLcVyCF0CSEBg0IbRvra3EiIhy1HS46vpzRgoeQ
senior software qa engineer,savoye na,"chesterbrook, pa",https://www.simplyhired.com/job/YyRHKLWCeBeyrHOaazEn2tNCs9Ye9qa2ug5HhrXQbfY66u3_LBZFIg
lead software engineer (full stack),clarivate,"philadelphia, pa",https://www.simplyhired.com/job/Tao9Sm6_KV0Qhr8L3ot484sBwaSf4Ylhq9d4jpxZTj1xMlynxTcjng
"software developer - c/c++, c#, java, visual basic, matlab, and labview",the gbs group,"philadelphia, pa",https://www.simplyhired.com/job/BjSBGG3VXjqj3D9SK-rJw_0UvT-3CSzRW6lHiGuaasPIZYicD9ZGCA
application developer (senior or mid-level),penn medicine,"philadelphia, pa",https://www.simplyhired.com/job/bj6D4CY8ZN5Gg748ncB4ymXGR8G_anCMXU60nS2k3FO9spMOvvYu9w
senior cloud engineer,penn medicine,"philadelphia, pa",https://www.simplyhired.com/job/w_HNixjBNUNweFuumHLonKG_m4XuBQBKjLIZ4llUoNS1EPFUljQw4A
plc programmer,greenxt,"philadelphia, pa",https://www.simplyhired.com/job/2SZMtsjuAVB5Yu0oXvbCXmjyAB6ppLWpmC6hWQDRi6x9IpqfwWIKqA
systems programmer analyst sr,brown brothers harriman,"philadelphia, pa",https://www.simplyhired.com/job/wwdB2TIxsaeN2_2kgaaYp_voOW8o3jZOiUXUPWt2LGO4Bz-z9ru1yA
software developer | c# trading systems | experienced,susquehanna international group,"bala-cynwyd, pa",https://www.simplyhired.com/job/9pGc8jrKZ5W3vNMWoSjMc4IqhawPlY9E7qI8wh4c14ar4M4-4liw7A
lead software engineer - workday,burlington stores,"edgewater park, nj",https://www.simplyhired.com/job/G16AMVLft1IxVO_E-791CSPSvIaxf_mL7C4b-5UrjTRBifpvKwC8mg
automation engineer,ezsoft,"malvern, pa",https://www.simplyhired.com/job/oHmtSqrBwpevEBwyfoy3Ark7i5aM7BfGJboPBF4rQY807QtMuBttxQ
statistical programmer,ocugen opco inc,"malvern, pa",https://www.simplyhired.com/job/_ghn_PZa-4QSR60PIKYw1AQutC9nlih_gvsx_w0kiLMnVgKogbgeNA
"comcast cybersecurity: software engineer, cybersecurity engineering",comcast corporation,"philadelphia, pa",https://www.simplyhired.com/job/PNFiNRcB5b1EgFLKDsvYMAkyZfUzg9Cg3BaDYly-HXpDUQXrMkv94Q
product regulatory engineer,cornelis networks,"chesterbrook, pa",https://www.simplyhired.com/job/FABVZji0xOtNJH1ChWbBxufP19wFKq-jlkLFOb_PwD2MPmyrss3Tgg
"senior software developer, innovation",penn medicine,"philadelphia, pa",https://www.simplyhired.com/job/8DS5rUZm-lEUNbdRcdQGbJoIspuTmXafl7CsPueE3l5ls0POHbGiMg
go lang developer,clindcast llc,"upper gwynedd, pa",https://www.simplyhired.com/job/9zDIM7Nd8QSM5PEpwcuWTjaTGluMBlZgCY42xgDJHKXQUX-wIIAK4g
sr.algorithm developer,spino inc,"warminster, pa",https://www.simplyhired.com/job/g8Da0yFMdnXxfpfELzTvYLIveVlZdhot1jJDrSjYaWnGGzJVpjpZzQ
associate application software developer,asrc federal holding company,"moorestown, nj",https://www.simplyhired.com/job/PbxbxYXZyqIWg4Da7bP_bnk5EbCS-PDkSeOB1aCmYesNh_E8JweRlg
sr. enterprise application developer,temple university health system,"philadelphia, pa",https://www.simplyhired.com/job/Sco8UcfsRA1l1AHLVXZAOLAtM7C1rSkevsJ53kLG4c-sqas-6fpG0Q
lead software engineer - oracle ebs platform,subaru of america,"camden, nj",https://www.simplyhired.com/job/YN2ibEUBHvsPByY7TwKsuPbooKeFqpVuE68w2SSargF2Uo5ZwCuhSA
lab automation engineer,gsk,"king of prussia, pa",https://www.simplyhired.com/job/wBhc_C-iODH5cG0LSdIOEjC3clHEkx-WpZw11u2NiWS6SlTc_MNQIQ
senior advanced software engineer,honeywell,"fort washington, pa",https://www.simplyhired.com/job/4F9gtrcBOZ5DL-ooECvGc0ZHFNNEeZ0fljcSSmKpaPNltgXjj7nE8g
lead software engineer,envestnet,"berwyn, pa",https://www.simplyhired.com/job/P0Gbs8zHCivId3j66ohw7zCUN3yKeXWIw2ZZmqgUCq_W_8yOsG6j1w
cloud engineer - senior appian developer,zenith services,"malvern, pa",https://www.simplyhired.com/job/Vl31DUGaxL1cCDNtZ-jpd-sjFmmficIyWT7cgDWX64KP1cluP5hmAA
"software engineer, senior",lockheed martin,"king of prussia, pa",https://www.simplyhired.com/job/CmJuOYuAD8WssR9D4RZ8NRmNAF0bM6dxQcvvwhM6sRsiTqIAbgq74w
web & automation developer/engineer,peraton,"springfield, pa",https://www.simplyhired.com/job/ZI73NCgZdAXreaoMlwZFAmrI6GTc6stdywCtuzG8D1aDJWsUZipMog
"automation engineer, packaging",merck sharp & dohme,"west point, pa",https://www.simplyhired.com/job/r2MxoI0J4br_iHqDW4yU80aoavekkgobrfljfs5dK-GvunSS-GWLJQ
cybersecurity site reliability engineer 3,comcast corporation,"philadelphia, pa",https://www.simplyhired.com/job/wFR7b5ShmEX0ObMwocwSMoyPI0YHZu_wair4tO8HkSsArpjDG3NI4w
lead devops engineer,tandigm health llc,"west conshohocken, pa",https://www.simplyhired.com/job/rYxY0wgZQILmh7J42bH__3vHB4KDi1ORPGJk04CcVU61IQw7q45SIw
senior programmer - digital development,tmna services llc,"bala-cynwyd, pa",https://www.simplyhired.com/job/izAQx4u8F4lzrMpK8xfOhq2ZCsB7GFkZaBFZgk-3b1gs29Dr5jxpvQ
software developer | accounts and parties | experienced,susquehanna international group,"bala-cynwyd, pa",https://www.simplyhired.com/job/j5lbBeW-EQwqn8B1d_cS4GmyoRASZuq0DIjou5cab-WfnLdUifVTPA
software engineer ii,cardworks,"horsham, pa",https://www.simplyhired.com/job/Rdbvbxqoo801Limj0WDtRjvfE7xkU_im-Km9uc6ShDkfizsDUOfMhg
sr. c/c++ software engineer,comcast corporation,"philadelphia, pa",https://www.simplyhired.com/job/dpBTZ3DYl9bDGB90H-8lwefOOsGwxbT_ylTnbLly5V-0MQVn995lKw
gis developer,infoway solutions llc,"wayne, pa",https://www.simplyhired.com/job/VdedHmNLQhhOWPwC_gwPi2qLyOn72dqSPmX-VLd28-AELJQrDjaXEw
senior software engineer,sei1global,"oaks, pa",https://www.simplyhired.com/job/UzTd_3bOBexO0Y4VwlLhkML1xwfVUqqelXy7PB_EkzCMJh2-ZR3_5g
"sr. software development engineer, ring subscriptions",amazon.com services llc,"malvern, pa",https://www.simplyhired.com/job/gTAdEqJ9v798-oSXiTt0_Jlu5U7hC37V2jvsM3tk66dF0f6ZDJq6ow
"software development manager, ring subscriptions",amazon.com services llc,"malvern, pa",https://www.simplyhired.com/job/y8Ll15umqa93VR0B7q0WtTE_IwK2drMYOH9ADnxZ_9RYdB6YH_F8qw
python developer (cyber security),brown brothers harriman,"philadelphia, pa",https://www.simplyhired.com/job/wH8I0FTZT4BxjNkvNo6gP0V1qRLlz0WLmX-pafUYSt_fEgc3IKweqA
senior cloud engineer (azure),independence blue cross,"philadelphia, pa",https://www.simplyhired.com/job/HgG0dIR5EvypC6eP-65SjsAI4d56_GCJdiv993Bz8e2jkrdBS9wyjg
operational net zero lead,aecom,"conshohocken, pa",https://www.simplyhired.com/job/Ykjopwf_rXqq9P-r6ullJ6CcJ7o39ov3U9SkZoycsSAFjl0z9BBPcQ
senior android developer,ghost robotics,"philadelphia, pa",https://www.simplyhired.com/job/jhdIuleR654cQiTjqtj6dE8sY7fTRipa7etZlZsEqhViq54hRNugWQ
"director, software engineering","radial, inc.","king of prussia, pa",https://www.simplyhired.com/job/rTpNuvLW04tFINSBNob3AAvgCX3ppO7laVJvPFfms1SI5WRzF7ejRg
lead software engineer – full stack angular/java/node,epam systems,"malvern, pa",https://www.simplyhired.com/job/a0pLgXSzjt8DwUdfZtzhGPoU9EkDuK-pg0Yvv_ZrZXmHvyBp6sFHRw
senior application developer,ezsoft,"malvern, pa",https://www.simplyhired.com/job/mRSaWd2mZPreEdnUWeTVN-eQdI0ArPlWKMQzJddM_MlCp4RTvHMP_g
"manager, software product engineering | angular | node.js | full stack | aws",wolters kluwer,"philadelphia, pa",https://www.simplyhired.com/job/IjVqfsAVbcX9MZUIyWIFnAKbfo0evdebrrWtCLv6qN5rCXD2hEdQJg
.net developer / new jersey,motion recruitment,"beverly, nj",https://www.simplyhired.com/job/WsE8GquDwXI476qsgQLxuu3r7ezmQ3EHhIOMG_pHsKO6KeyQQfsBDA
sr. site reliability engineer,comcast corporation,"philadelphia, pa",https://www.simplyhired.com/job/7XcgDYniP401FzTUmLw6SohRFQEf-JKdIpn0aYELJVcjbKRKaAjQCQ
lead software engineer - oracle ebs,burlington stores,"edgewater park, nj",https://www.simplyhired.com/job/6bCmXPtWL4bB6qfM9qxSF8veDabLED_fa4cHCgr27b_TF0V4USeyKA
software engineer,sei1global,"oaks, pa",https://www.simplyhired.com/job/aduYDjocMvgnheJjzkYNryLweLg08yBDTCucZ-of_tRkWSJYmdFEfg
senior software developer,oracle,"malvern, pa",https://www.simplyhired.com/job/hmMnh4JAOQ8K_GZuLYVDMw9aUyAdeJVqFQ2QiE_c2MDZOXKv3VtA0w
cloud engineer - senior appian developer,intone networks,"malvern, pa",https://www.simplyhired.com/job/YX5tBjcsfoiuuG5-IvgoKPgLxCdPCaVii5g5hLTD0SRqcyKKxEIQPg
developer lead,usli,"wayne, pa",https://www.simplyhired.com/job/vU8rDWL-EbBLVw2M52yzZ07WnYxKtzyoCfe7pD8DyxOW9B86fD4osA
staff software configuration management engineer,lockheed martin,"king of prussia, pa",https://www.simplyhired.com/job/Cd4axeqW7WMXKFVMGd79azruL42Sm5wy0NEK-s8eNTERq56kDsYXJA
golang developer,cedent,"philadelphia, pa",https://www.simplyhired.com/job/NIcEXB3KEZ67cyUOtcRc89wMEXp8zihCdCia8umRLCvtjdqoIDC39w
senior software engineer - business intelligence developer,"universal health services, inc. - corporate office","king of prussia, pa",https://www.simplyhired.com/job/hWu41goW3EOe6CNCy_VerH-FHzExFN6JsdTTvNfajALvs5RWh-ZfTA
drupal lead developer,infosys,"malvern, pa",https://www.simplyhired.com/job/gCvTRZuXI2jCalaf-l3AufdglbY4oMdaNXAQ_wCHG6i6KKTxhSRJ0A
automation and services engineer | experienced,susquehanna international group,"bala-cynwyd, pa",https://www.simplyhired.com/job/NnmvntpjfPy5tKIPMg_t63fI0ZsUoUo98Y-zb4oomYGtZ7tSLGeIZw
lead .net developer,derex technologies inc,"king of prussia, pa",https://www.simplyhired.com/job/yTcMxgmqH62xiE8E7Lm64gP_xmrhM4OZVeMdklMMC8VTgi-uV7UwIA
senior devops engineer,customers bank,"malvern, pa",https://www.simplyhired.com/job/Yi0T2AA7okcklmUbLipMlGrVqY5GJPkp6njXeZ10NPFSwEqkYVXRGA
finance partner – gross to net,gsk,"philadelphia, pa",https://www.simplyhired.com/job/wwjix-vG9akIanhg-7wgMzCZfGerffvCNNGAPAbfJUOYDE43n0BRnA
principal software developer,data intelligence llc,"philadelphia, pa",https://www.simplyhired.com/job/efIkNuNO9RX4QxXGni89nRhXFoCV512kHc9MTbW2HDCBoEHfWeUz2w
linux kernel driver engineer,cornelis networks,"chesterbrook, pa",https://www.simplyhired.com/job/xYqgBFDWPcy9_gjpJATflGKf29r02HNs1Wc0aWih3IoRBTGnG-fCKA
manager application development,clean earth,"king of prussia, pa",https://www.simplyhired.com/job/FlOF036l6kJRlu533liLG-_-dLRVxZLspV1m5AwdSlgtrHRLLMBclA
senior software engineer- radiation effects,verus research,united states,https://www.simplyhired.com/job/E-6oWTbDp7Enc-QLSxPUzXgZlZ7bueOfV9y7vEVh-Xa1F8itYM3sUg
software developer,pmhcc inc.,"philadelphia, pa",https://www.simplyhired.com/job/B1JtidY8EXQM8F8Vk0RBsaVbyuq3DInt4BdxaLRCzBvcMBXEeFfN8Q
"manager, software engineering",comcast corporation,pennsylvania,https://www.simplyhired.com/job/ttUges2FZuVjkZsR4IWo6gsFg_H1n2cCAryIiMBUN8y4-YPfDHvlFw
lead site reliability engineer,comcast corporation,pennsylvania,https://www.simplyhired.com/job/taoqrFNWKnIZehn9aRs6oC7SJAoOE67j893uf8VDrP5MhDkQqdOKSw
cybersecurity site reliability engineer 3,comcast corporation,pennsylvania,https://www.simplyhired.com/job/WXk9pX-1AXqqllObVkA-kPFw4XrLY3NAfI61XUy6HqnBopx2soJzbg
software manager,newgig,"philadelphia, pa",https://www.simplyhired.com/job/IlzO5eNXtu0KEBXyDbY16h3PhUhjxl_Ek4qZ_guvxzlFSI_QkV67KQ
software engineer 3 (data)-5596,comcast corporation,"philadelphia, pa",https://www.simplyhired.com/job/XD7xBxofBmpQYEiIwBReViOCKphvHukS1-9-9MQrUjFzLDHfcIxEiA
comcast cybersecurity: senior devsecops engineer,comcast corporation,"philadelphia, pa",https://www.simplyhired.com/job/TwbEk_ciie0_s8e2OX_LZYpKp5HgVgRfw7vF3lrECb7zLKgKKoXRkQ
senior cloud engineer - aws,comcast corporation,"philadelphia, pa",https://www.simplyhired.com/job/e0X8D7Z5ARfSA6aCBz8uv_ZLJE6tigJu2vSd1zQGDA6e6tyNkAPKOg
backend lead developer/go lang,ust global,"philadelphia, pa",https://www.simplyhired.com/job/XASfYxqlmNUcqSdPFu-eT5hY0zO5yKPg5Oj5BNyS_bfBJUJHFWShSw
qa automation engineer ii,envestnet,"berwyn, pa",https://www.simplyhired.com/job/LkBlpVXIfWhcIfE_9KpDZXcC5-V4Av5ywjM63UEJCPOKvCHGEGG7rQ
sr. salesforce release engineer/devops lead,aveva,"philadelphia, pa",https://www.simplyhired.com/job/qM9A8-u109O5HNr5VWmD_Mv_5myLGPFYWMmm9AlOHr6DJLAKkhPwMQ
lead cloud engineer - aws (remote),comcast corporation,"philadelphia, pa",https://www.simplyhired.com/job/Vy8j23aCcRgf5QGKACsGVYCPYMJxaQ79TN5u2dv_AS-u7iE4Cc5vvg
