Title,Company,Location,Posted Date,URL
Software Engineer,Robert Half,Philadelphia,Posted 13 days ago,https://stackoverflow.jobs/job/software-engineer-60-at-robert-half-2
Lead Software Engineer,Liberty Personnel Services,Philadelphia,Posted 7 days ago,https://stackoverflow.jobs/job/lead-software-engineer-at-liberty-personnel-services-1
Software Development & DevOps Engineer,Comcast Corporation,Philadelphia,Posted 6 days ago,https://stackoverflow.jobs/job/software-development-devops-engineer-1-at-comcast-corporation-1
Senior Software Engineer / Philadelphia,Motion Recruitment,Philadelphia,Posted a month ago,https://stackoverflow.jobs/job/senior-software-engineer-philadelphia-at-motion-recruitment-2
Senior Software Engineer-9754,Comcast Corporation,Philadelphia,Posted 13 days ago,https://stackoverflow.jobs/job/senior-software-engineer-9754-at-comcast-corporation-1
Software Engineer 3 (Data)-5596,Comcast Corporation,Philadelphia,Posted 13 days ago,https://stackoverflow.jobs/job/software-engineer-3-data-5596-at-comcast-corporation-1
Jr- mid C# Software Engineer,Liberty Personnel Services,Philadelphia,Posted 13 days ago,https://stackoverflow.jobs/job/jr-mid-c-software-engineer-at-liberty-personnel-services-1
Senior Software Engineer/ Python/ Django/ Typescript,Motion Recruitment,Philadelphia,Posted a month ago,https://stackoverflow.jobs/job/senior-software-engineer-python-django-typescript-at-motion-recruitment-2
"Engineer 4, Software Development & Engineering-5663",Comcast Corporation,Philadelphia,Posted 13 days ago,https://stackoverflow.jobs/job/engineer-4-software-development-engineering-5663-at-comcast-corporation-1
Lead Software Engineer (Data)- GoLang- REMOTE,Comcast Corporation,Philadelphia,Posted 2 months ago,https://stackoverflow.jobs/job/lead-software-engineer-data-golang-remote-at-comcast-corporation-1
"Engineer 3, Software Development & Engineering - 5160",Comcast Corporation,Philadelphia,Posted 13 days ago,https://stackoverflow.jobs/job/engineer-3-software-development-engineering-5160-at-comcast-corporation-1
"Comcast Cybersecurity: Software Engineer, Cybersecurity Engineering",Comcast Corporation,Philadelphia,Posted 2 months ago,https://stackoverflow.jobs/job/comcast-cybersecurity-software-engineer-cybersecurity-engineering-at-comcast-corporation-1
"Engineer 3, Software Development & Engineering-6486",Comcast Corporation,Philadelphia,Posted 13 days ago,https://stackoverflow.jobs/job/engineer-3-software-development-engineering-6486-at-comcast-corporation-1
Senior Backend Software Engineer-Fast Growing Startup,CyberCoders,Philadelphia,Posted a day ago,https://stackoverflow.jobs/job/senior-backend-software-engineer-fast-growing-startup-at-cybercoders-2
Lead Software Engineer - (Data and GoLang)- REMOTE- FreeWheel,Comcast Corporation,Philadelphia,Posted 6 days ago,https://stackoverflow.jobs/job/lead-software-engineer-data-and-golang-remote-freewheel-1-at-comcast-corporation-1
"Software Engineer (Web Development) | Contract, W2 | Philadelphia, PA - Hybrid",Alpha Business Solutions,Philadelphia,Posted 2 months ago,https://stackoverflow.jobs/job/software-engineer-web-development-contract-w2-philadelphia-pa-hybrid-at-alpha-business-solutions-1
Software Developer,Robert Half,Philadelphia,Posted 13 days ago,https://stackoverflow.jobs/job/software-developer-59-at-robert-half-2
Senior Software Developer,Thinking Minds Inc,Philadelphia,Posted a month ago,https://stackoverflow.jobs/job/senior-software-developer-at-thinking-minds-inc
Software Manager - Remote,NewGig,Philadelphia,Posted a month ago,https://stackoverflow.jobs/job/software-manager-remote-at-newgig-2
Senior Software Developer,Motion Recruitment,Philadelphia,Posted 2 months ago,https://stackoverflow.jobs/job/senior-software-developer-1-at-motion-recruitment-2
Network Engineer,StafflinePro,Philadelphia,Posted 2 days ago,https://stackoverflow.jobs/job/network-engineer-3-at-stafflinepro
"Architect 3, Software Architecture-7368",Comcast Corporation,Philadelphia,Posted 13 days ago,https://stackoverflow.jobs/job/architect-3-software-architecture-7368-at-comcast-corporation-1
Network Engineer,Robert Half,Philadelphia,Posted 2 months ago,https://stackoverflow.jobs/job/network-engineer-44-at-robert-half-2
DevOps Engineer,Motion Recruitment,Philadelphia,Posted 21 days ago,https://stackoverflow.jobs/job/devops-engineer-6-at-motion-recruitment-2
Network Engineer,ASGN Incorporated,Philadelphia,Posted 7 days ago,https://stackoverflow.jobs/job/network-engineer-25-at-asgn-incorporated-2
Network Engineer,Motion Recruitment,Philadelphia,Posted 5 days ago,https://stackoverflow.jobs/job/network-engineer-7-at-motion-recruitment-2
"Architect 5, Software Architecture-4788",Comcast Corporation,Philadelphia,Posted 13 days ago,https://stackoverflow.jobs/job/architect-5-software-architecture-4788-at-comcast-corporation-1
"Architect 4, Software Architecture-8037",Comcast Corporation,Philadelphia,Posted 13 days ago,https://stackoverflow.jobs/job/architect-4-software-architecture-8037-at-comcast-corporation-1
iOS Engineer,"Pyramid Consulting, Inc",Philadelphia,Posted 8 days ago,https://stackoverflow.jobs/job/ios-engineer-at-pyramid-consulting-inc-2
Android Engineer,"Pyramid Consulting, Inc",Philadelphia,Posted 8 days ago,https://stackoverflow.jobs/job/android-engineer-at-pyramid-consulting-inc-2
"Manager 1, Software Development & Engineering -5864",Comcast Corporation,Philadelphia,Posted 13 days ago,https://stackoverflow.jobs/job/manager-1-software-development-engineering-5864-at-comcast-corporation-1
Senior Network Engineer,Motion Recruitment,Philadelphia,Posted 21 days ago,https://stackoverflow.jobs/job/senior-network-engineer-14-at-motion-recruitment-2
Lead Infrastructure Engineer,Motion Recruitment,Philadelphia,Posted 21 days ago,https://stackoverflow.jobs/job/lead-infrastructure-engineer-1-at-motion-recruitment-2
Azure Platform Engineer,Diverse Lynx,Philadelphia,Posted 6 days ago,https://stackoverflow.jobs/job/azure-platform-engineer-1-at-diverse-lynx-1
Sr Data Engineer,Motion Recruitment,Philadelphia,Posted a month ago,https://stackoverflow.jobs/job/sr-data-engineer-1-at-motion-recruitment-2
Applications Systems Engineer,Cogent Infotech Corporation,Philadelphia,Posted a day ago,https://stackoverflow.jobs/job/applications-systems-engineer-at-cogent-infotech-corporation-2
DevOps Engineer III,Robert Half,Philadelphia,Posted a day ago,https://stackoverflow.jobs/job/devops-engineer-iii-at-robert-half-2
System Admin/Engineer,Econosoft,Philadelphia,Posted a month ago,https://stackoverflow.jobs/job/system-adminengineer-36-at-econosoft-1
Network Engineer/Admin,Econosoft,Philadelphia,Posted a month ago,https://stackoverflow.jobs/job/network-engineeradmin-40-at-econosoft-1
Business Intelligence Engineer,DLS Solutions,Philadelphia,Posted 6 days ago,https://stackoverflow.jobs/job/business-intelligence-engineer-1-at-dls-solutions-1
Test Automation Engineer,cyberThink Inc,Philadelphia,Posted 13 days ago,https://stackoverflow.jobs/job/test-automation-engineer-at-cyberthink-inc-2
Network/Systems Engineer,Motion Recruitment,Philadelphia,Posted 9 days ago,https://stackoverflow.jobs/job/networksystems-engineer-1-at-motion-recruitment-2
System Admin/Engineer,Econosoft,Philadelphia,Posted a month ago,https://stackoverflow.jobs/job/system-adminengineer-36-at-econosoft-1
Network Engineer/Admin,Econosoft,Philadelphia,Posted a month ago,https://stackoverflow.jobs/job/network-engineeradmin-40-at-econosoft-1
Business Intelligence Engineer,DLS Solutions,Philadelphia,Posted 6 days ago,https://stackoverflow.jobs/job/business-intelligence-engineer-1-at-dls-solutions-1
DevOps Engineer (Windows),IntePros Consulting,Philadelphia,Posted 2 months ago,https://stackoverflow.jobs/job/devops-engineer-windows-at-intepros-consulting-2
Sr Cloud Engineer - Architecture,Robert Half,Philadelphia,Posted a month ago,https://stackoverflow.jobs/job/sr-cloud-engineer-architecture-at-robert-half-2
Snowflake Developer/Data Engineer,Econosoft,Philadelphia,Posted 23 days ago,https://stackoverflow.jobs/job/snowflake-developerdata-engineer-9-at-econosoft-1
Active Directory Engineer (Remote),"Conexess Group, LLC",Philadelphia,Posted 23 days ago,https://stackoverflow.jobs/job/active-directory-engineer-remote-at-conexess-group-llc-2
Lead Java Engineer/Remote,Motion Recruitment,Philadelphia,Posted 8 days ago,https://stackoverflow.jobs/job/lead-java-engineerremote-at-motion-recruitment-2
Applications System Engineer (Hybrid),Symmetrio,Philadelphia,Posted a day ago,https://stackoverflow.jobs/job/applications-system-engineer-hybrid-at-symmetrio
Lead Data Quality Engineer,Joulé,Philadelphia,Posted a month ago,https://stackoverflow.jobs/job/lead-data-quality-engineer-at-joule-2
Sr. Systems Integration Engineer,Comcast Corporation,Philadelphia,Posted 22 days ago,https://stackoverflow.jobs/job/sr-systems-integration-engineer-at-comcast-corporation-1
Junior VoIP Engineer/RingCentral,Motion Recruitment,Philadelphia,Posted a month ago,https://stackoverflow.jobs/job/junior-voip-engineerringcentral-at-motion-recruitment-2
Senior Fullstack Engineer / Java,Motion Recruitment,Philadelphia,Posted 9 days ago,https://stackoverflow.jobs/job/senior-fullstack-engineer-java-at-motion-recruitment-2
Sr. Martech Platform Engineer,Comcast Corporation,Philadelphia,Posted 21 days ago,https://stackoverflow.jobs/job/sr-martech-platform-engineer-1-at-comcast-corporation-1
Lead Infrastructure Systems Engineer,ASGN Incorporated,Philadelphia,Posted 23 days ago,https://stackoverflow.jobs/job/lead-infrastructure-systems-engineer-at-asgn-incorporated-2
Data Engineer - Cognitive Data Services,Aramark,Philadelphia,Posted 2 months ago,https://stackoverflow.jobs/job/data-engineer-cognitive-data-services-at-aramark-2
Junior Network Engineer / onsite Philly,Motion Recruitment,Philadelphia,Posted a month ago,https://stackoverflow.jobs/job/junior-network-engineer-onsite-philly-at-motion-recruitment-2
Machine Learning Engineer 3-0633,Comcast Corporation,Philadelphia,Posted 13 days ago,https://stackoverflow.jobs/job/machine-learning-engineer-3-0633-at-comcast-corporation-1
Senior Data Engineer- Python- REMOTE- FreeWheel,Comcast Corporation,Philadelphia,Posted 4 days ago,https://stackoverflow.jobs/job/senior-data-engineer-python-remote-freewheel-at-comcast-corporation-1
"Engineer 4, Full Stack Development-9478",Comcast Corporation,Philadelphia,Posted 13 days ago,https://stackoverflow.jobs/job/engineer-4-full-stack-development-9478-at-comcast-corporation-1
Virtual Directory Engineer - Contract - W2 Only,Ampcus Incorporated,Philadelphia,Posted 23 days ago,https://stackoverflow.jobs/job/virtual-directory-engineer-contract-w2-only-at-ampcus-incorporated-1
QA Test Automation Engineer (W2 ONLY),Crossfire Consulting Corporation,Philadelphia,Posted 13 days ago,https://stackoverflow.jobs/job/qa-test-automation-engineer-w2-only-at-crossfire-consulting-corporation-1
Senior Machine Learning Engineer/ Computer Vision,Motion Recruitment,Philadelphia,Posted a month ago,https://stackoverflow.jobs/job/senior-machine-learning-engineer-computer-vision-at-motion-recruitment-2
Azure Cloud Network Engineer/Full Time,Motion Recruitment,Philadelphia,Posted 15 days ago,https://stackoverflow.jobs/job/azure-cloud-network-engineerfull-time-at-motion-recruitment-2
Infrastructure Engineer - Contract - W2 Only - Remote,Ampcus Incorporated,Philadelphia,Posted 9 days ago,https://stackoverflow.jobs/job/infrastructure-engineer-contract-w2-only-remote-at-ampcus-incorporated-1
Senior Data Engineer (Python and Databricks),"Pyramid Consulting, Inc",Philadelphia,Posted 8 days ago,https://stackoverflow.jobs/job/senior-data-engineer-python-and-databricks-at-pyramid-consulting-inc-2
Network Engineer II/Hybrid South Jersey,Motion Recruitment,Philadelphia,Posted 6 days ago,https://stackoverflow.jobs/job/network-engineer-iihybrid-south-jersey-at-motion-recruitment-2
"Engineer 3, Full Stack Development-8592",Comcast Corporation,Philadelphia,Posted 13 days ago,https://stackoverflow.jobs/job/engineer-3-full-stack-development-8592-at-comcast-corporation-1
"Azure DevOps Engineer - Local to Ivyland, PA",Motion Recruitment,Philadelphia,Posted 12 days ago,https://stackoverflow.jobs/job/azure-devops-engineer-local-to-ivyland-pa-at-motion-recruitment-2
Infrastructure Engineer - Tanium - Contract - W2 Only - Remote,Ampcus Incorporated,Philadelphia,Posted 2 days ago,https://stackoverflow.jobs/job/infrastructure-engineer-tanium-contract-w2-only-remote-at-ampcus-incorporated-1
Azure Data Engineer with Commercial Pharma Exp. (1150),Axtria INC,Philadelphia,Posted 22 days ago,https://stackoverflow.jobs/job/azure-data-engineer-with-commercial-pharma-exp-1150-at-axtria-inc-1
Job Posting Title DevOps Engineer - Global Automation Platforms,Comcast Corporation,Philadelphia,Posted a day ago,https://stackoverflow.jobs/job/job-posting-title-devops-engineer-global-automation-platforms-at-comcast-corporation-1
.Net Developer,Robert Half,Philadelphia,Posted 23 days ago,https://stackoverflow.jobs/job/net-developer-10-at-robert-half-2
Security Architect,Motion Recruitment,Philadelphia,Posted 8 days ago,https://stackoverflow.jobs/job/security-architect-1-at-motion-recruitment-2
Infrastructure - RF Engineering Architect IV (Contractor),TechTrueUP,Philadelphia,Posted a day ago,https://stackoverflow.jobs/job/infrastructure-rf-engineering-architect-iv-contractor-at-techtrueup-1
Technical Lead,Tanisha Systems,Philadelphia,Posted a month ago,https://stackoverflow.jobs/job/technical-lead-at-tanisha-systems-1
Fullstack PHP Developer,Motion Recruitment,Philadelphia,Posted a month ago,https://stackoverflow.jobs/job/fullstack-php-developer-at-motion-recruitment-2
Java Backend Developer,StafflinePro,Philadelphia,Posted 4 days ago,https://stackoverflow.jobs/job/java-backend-developer-at-stafflinepro
Senior/Lead Python Developer (Django),Motion Recruitment,Philadelphia,Posted a month ago,https://stackoverflow.jobs/job/seniorlead-python-developer-django-at-motion-recruitment-2
Web Developer III,Dale Workforce Solutions,Philadelphia,Posted 2 months ago,https://stackoverflow.jobs/job/web-developer-iii-at-dale-workforce-solutions-1
Sr. Windows Server Administrator,ASGN Incorporated,Philadelphia,Posted 22 days ago,https://stackoverflow.jobs/job/sr-windows-server-administrator-at-asgn-incorporated-2
Web Developer III,"Partners Consulting, Inc.",Philadelphia,Posted 2 months ago,https://stackoverflow.jobs/job/web-developer-iii-1-at-partners-consulting-inc-2
Azure ADF Databricks Technical Lead,Abode Techzone LLC,Philadelphia,Posted a month ago,https://stackoverflow.jobs/job/azure-adf-databricks-technical-lead-at-abode-techzone-llc-1
"Senior Web Developer / C#, .NET, JavaScript",Motion Recruitment,Philadelphia,Posted 2 months ago,https://stackoverflow.jobs/job/senior-web-developer-c-net-javascript-at-motion-recruitment-2
Sr iOS Developer – Remote - $75/hr W2,The Denzel Group,Philadelphia,Posted 6 days ago,https://stackoverflow.jobs/job/sr-ios-developer-remote-75hr-w2-1-at-the-denzel-group-2
Principal Architect - Big Data & Systems Architecture,Comcast Corporation,Philadelphia,Posted 8 days ago,https://stackoverflow.jobs/job/principal-architect-big-data-systems-architecture-at-comcast-corporation-1
Helpdesk Analyst/IT Specialist,Motion Recruitment,Philadelphia,Posted a month ago,https://stackoverflow.jobs/job/helpdesk-analystit-specialist-at-motion-recruitment-2
Senior Application Developer,"CrossTech Consulting Group, Inc",Philadelphia,Posted a month ago,https://stackoverflow.jobs/job/senior-application-developer-at-crosstech-consulting-group-inc-1
Lead RDK Developer,Cynet Systems,Philadelphia,Posted 9 days ago,https://stackoverflow.jobs/job/lead-rdk-developer-at-cynet-systems-2
Python Developer,Robert Half,Philadelphia,Posted 15 days ago,https://stackoverflow.jobs/job/python-developer-2-at-robert-half-2
IT Support Specialist,"Oxford Solutions, Inc",Philadelphia,Posted 6 days ago,https://stackoverflow.jobs/job/it-support-specialist-at-oxford-solutions-inc-1
Graphql developer,Expert In Recruitment Solutions,Philadelphia,Posted 8 days ago,https://stackoverflow.jobs/job/graphql-developer-at-expert-in-recruitment-solutions
BI Developer,Piper Companies,Philadelphia,Posted a day ago,https://stackoverflow.jobs/job/bi-developer-2-at-piper-companies-2
PHP Developer with AWS,"ClifyX, INC",Philadelphia,Posted a month ago,https://stackoverflow.jobs/job/php-developer-with-aws-at-clifyx-inc-1
Desktop Support Analyst,Beacon Hill Staffing Group,Philadelphia,Posted 6 days ago,https://stackoverflow.jobs/job/desktop-support-analyst-4-at-beacon-hill-staffing-group-2
Desktop Support Analyst,Robert Half,Philadelphia,Posted 9 days ago,https://stackoverflow.jobs/job/desktop-support-analyst-97-at-robert-half-2
Linux Administrator,"ClifyX, INC",Philadelphia,Posted a month ago,https://stackoverflow.jobs/job/linux-administrator-at-clifyx-inc-1
IT Help Desk Analyst,Beacon Hill Staffing Group,Philadelphia,Posted a month ago,https://stackoverflow.jobs/job/it-help-desk-analyst-1-at-beacon-hill-staffing-group-2
Principal Statistical Programmer (Remote),Jazz Pharmaceuticals,Philadelphia,Posted 7 days ago,https://stackoverflow.jobs/job/principal-statistical-programmer-remote-1-at-jazz-pharmaceuticals-2
Desktop Support Analyst,Robert Half,Philadelphia,Posted 6 days ago,https://stackoverflow.jobs/job/desktop-support-analyst-105-at-robert-half-2
Go Lang Developer,Econosoft,Philadelphia,Posted a month ago,https://stackoverflow.jobs/job/go-lang-developer-8-at-econosoft-1
Oracle Financial Systems Lead - IT Director,Aramark,Philadelphia,Posted 2 days ago,https://stackoverflow.jobs/job/oracle-financial-systems-lead-it-director-at-aramark-2
Help Desk Analyst,Robert Half,Philadelphia,Posted 16 days ago,https://stackoverflow.jobs/job/help-desk-analyst-89-at-robert-half-2
Go Lang Developer,Econosoft,Philadelphia,Posted a month ago,https://stackoverflow.jobs/job/go-lang-developer-2-at-econosoft-1
Oracle Developer,Econosoft,Philadelphia,Posted 2 days ago,https://stackoverflow.jobs/job/oracle-developer-5-at-econosoft-1
Sr Android Developer - Remote,Two95 International,Philadelphia,Posted 7 days ago,https://stackoverflow.jobs/job/sr-android-developer-remote-at-two95-international-1
Sr Android Developer - Remote,Two95 International Inc.,Philadelphia,Posted 7 days ago,https://stackoverflow.jobs/job/sr-android-developer-remote-at-two95-international-inc-2
Business Analyst,Econosoft,Philadelphia,Posted a month ago,https://stackoverflow.jobs/job/business-analyst-92-at-econosoft-1
Desktop Support Analyst,Robert Half,Philadelphia,Posted a month ago,https://stackoverflow.jobs/job/desktop-support-analyst-76-at-robert-half-2
Help Desk Analyst II,Robert Half,Philadelphia,Posted 8 days ago,https://stackoverflow.jobs/job/help-desk-analyst-ii-63-at-robert-half-2
Palantir Data Product Owner,Aramark,Philadelphia,Posted 2 months ago,https://stackoverflow.jobs/job/palantir-data-product-owner-at-aramark-2
eDiscovery Data Migration Specialist - Contract,Atlantic Partners,Philadelphia,Posted 5 days ago,https://stackoverflow.jobs/job/ediscovery-data-migration-specialist-contract-at-atlantic-partners-2
Senior Architect (Adobe MarTech),Comcast Corporation,Philadelphia,Posted a month ago,https://stackoverflow.jobs/job/senior-architect-adobe-martech-at-comcast-corporation-1
IT Support Professional in Greater Philadelphia,Proactive Technology Management,Philadelphia,Posted 9 days ago,https://stackoverflow.jobs/job/it-support-professional-in-greater-philadelphia-at-proactive-technology-management-1
Servicenow developer,Diverse Lynx,Philadelphia,Posted 6 days ago,https://stackoverflow.jobs/job/servicenow-developer-23-at-diverse-lynx-1
IT Operations Specialist,Piper Companies,Philadelphia,Posted a day ago,https://stackoverflow.jobs/job/it-operations-specialist-2-at-piper-companies-2
Systems Administrator,TEKsystems,Philadelphia,Posted 7 days ago,https://stackoverflow.jobs/job/systems-administrator-39-at-teksystems-2
Process Solutions and Automation Manager - FSO Technology Consulting - Multiple Positions - 1522539,EY,Philadelphia,Posted a day ago,https://stackoverflow.jobs/job/process-solutions-and-automation-manager-fso-technology-consulting-multiple-positions-1522539-at-ey-4
Application Development Analyst III,Robert Half,Philadelphia,Posted a month ago,https://stackoverflow.jobs/job/application-development-analyst-iii-at-robert-half-2
.NET Developer II,"Pyramid Consulting, Inc",Philadelphia,Posted 7 days ago,https://stackoverflow.jobs/job/net-developer-ii-at-pyramid-consulting-inc-2
Business Analyst,Robert Half,Philadelphia,Posted a month ago,https://stackoverflow.jobs/job/business-analyst-53-at-robert-half-2
Systems Administrator,Robert Half,Philadelphia,Posted 2 days ago,https://stackoverflow.jobs/job/systems-administrator-96-at-robert-half-2
Client Data Product Owner,Aramark,Philadelphia,Posted 14 days ago,https://stackoverflow.jobs/job/client-data-product-owner-1-at-aramark-2
Help Desk Analyst,Robert Half,Philadelphia,Posted 16 days ago,https://stackoverflow.jobs/job/help-desk-analyst-90-at-robert-half-2
"Product Manager 1, Product Management- 2477",Comcast Corporation,Philadelphia,Posted 13 days ago,https://stackoverflow.jobs/job/product-manager-1-product-management-2477-at-comcast-corporation-1
Business Systems Analyst,IntePros Consulting,Philadelphia,Posted a month ago,https://stackoverflow.jobs/job/business-systems-analyst-1-at-intepros-consulting-2
24-07-Martech Solutions Architect (Fully Remote - North America),DemandLab,Philadelphia,Posted 2 months ago,https://stackoverflow.jobs/job/24-07-martech-solutions-architect-fully-remote-north-america-at-demandlab-2
IT Director,Aramark,Philadelphia,Posted 22 days ago,https://stackoverflow.jobs/job/it-director-at-aramark-2
Comcast Cybersecurity: Product Manager,Comcast Corporation,Philadelphia,Posted 6 days ago,https://stackoverflow.jobs/job/comcast-cybersecurity-product-manager-at-comcast-corporation-1
Enrollment Business Systems Analyst II,Community College of Philadelphia,Philadelphia,Posted a day ago,https://stackoverflow.jobs/job/enrollment-business-systems-analyst-ii-at-community-college-of-philadelphia-2
