url,title,company,job type,location,benefits,posted date
https://remote.co/job/software-engineer-ruby-on-rails-remote-23/,Software Engineer (Ruby on Rails) - Remote,,"Developer, Ruby on Rails",Location: Remote,,2024-07-23
https://remote.co/job/video-editor-17-4/,Video Editor,Twine Freelance Marketplace,"Editing, Video Editing","Location: Remote, US",,2024-07-17
https://remote.co/job/senior-software-development-engineer-7/,Senior Software Development Engineer,Equip Behavioral Health,Developer,"Location: Remote, US",,2024-07-17
https://remote.co/job/principal-contract-administrator/,Principal Contract Administrator,Parsons Corporation,Legal,"Location: Remote, US","Benefits: Career Development, Dental Insurance..., Life Insurance, Vision Insurance, Paid Holidays, Paid Vacation",2024-07-16
https://remote.co/job/salesforce-software-engineer-mid-level/,Salesforce Software Engineer - Mid-Level,Softrams,Developer,"Location: Remote, US","Benefits: Career Development, 401k Matching/Retirement Savings..., Dental Insurance, Disability Insurance, Family/Dependent Health, Health Insurance, Life Insurance, Vision Insurance, Paid Sick Leave, Paid Vacation, Parental and Family Leave",2024-07-16
https://remote.co/job/full-stack-software-engineer-32/,Full Stack Software Engineer,Curri,"Developer, Full-Stack","Location: Remote, US","Benefits: 401k Matching/Retirement Savings, Dental Insurance..., Disability Insurance, Health Insurance, Life Insurance, Vision Insurance, Paid Holidays, Paid Sick Leave, Paid Vacation",2024-07-16
https://remote.co/job/frontend-engineer-marketplace-15/,"Frontend Engineer, Marketplace","Airbyte, Inc.","Developer, Front-End","Location: Remote, US",Benefits: Career Development,2024-07-15
https://remote.co/job/senior-front-end-software-engineer-15/,Senior Front End Software Engineer,Vista,"Developer, Front-End","Location: Remote, US",,2024-07-15
https://remote.co/job/senior-full-stack-engineer-ii-remote-cst-est-15/,Senior Full Stack Engineer II | Remote CST/EST,Kooth,"Developer, Full-Stack","Location: Remote, US","Benefits: 401k Matching/Retirement Savings, Dental Insurance..., Health Insurance, Vision Insurance, Paid Holidays, Paid Vacation",2024-07-15
https://remote.co/job/sr-software-engineer-full-stack-remote-15/,Sr. Software Engineer - Full Stack (Remote),CrowdStrike,"Developer, Full-Stack","Location: Remote, US","Benefits: Career Development, Health Insurance..., Paid Sick Leave, Paid Vacation, Parental and Family Leave",2024-07-15
https://remote.co/job/senior-software-engineer-ruby-on-rails-15-2/,"Senior Software Engineer, Ruby on Rails",Huntress Labs,"Developer, Ruby on Rails","Location: Remote, US","Benefits: Career Development, 401k Matching/Retirement Savings..., Dental Insurance, Disability Insurance, Health Insurance, Life Insurance, Vision Insurance, Paid Holidays, Paid Sick Leave, Paid Vacation, Parental and Family Leave",2024-07-15
https://remote.co/job/senior-react-native-developer-5/,Senior React Native Developer,Compassion International,Developer,"Location: Remote, US","Benefits: Career Development, 401k Matching/Retirement Savings..., Health Insurance, Paid Vacation",2024-07-15
https://remote.co/job/account-management-lead-14/,Account Management Lead,Cloudbeds,"Account Manager, Sales","Location: Remote, Work from Anywhere","Benefits: Career Development, Flexible/Unlimited PTO..., Paid Holidays, Paid Vacation",2024-07-14
https://remote.co/job/senior-product-marketing-manager-auto-manufacturing-high-tech-14/,"Senior Product Marketing Manager, Auto (Manufacturing) / High Tech",GitLab,Marketing,"Location: Remote, US","Benefits: Flexible/Unlimited PTO, Paid Vacation..., Parental and Family Leave",2024-07-14
https://remote.co/job/vp-of-sales-americas-grid-software-14/,VP of Sales Americas - Grid Software,General Electric - GE,Sales,"Location: Remote, US",Benefits: Career Development,2024-07-14
https://remote.co/job/social-media-manager-13-4/,Social Media Manager,CodePath,"Marketing, Social Media, Teaching","Location: Remote, US","Benefits: Career Development, 401k Matching/Retirement Savings..., Dental Insurance, Disability Insurance, Health Insurance, Vision Insurance, Flexible/Unlimited PTO, Paid Holidays, Paid Sick Leave, Paid Vacation, Parental and Family Leave",2024-07-13
https://remote.co/job/software-engineer-backend-engineering-portfolio-management-13/,"Software Engineer, Backend Engineering (Portfolio Management)",Human Interest,"Back-End, Developer","Location: Remote, US","Benefits: Career Development, 401k Matching/Retirement Savings..., Dental Insurance, Health Insurance, Vision Insurance, Flexible/Unlimited PTO, Paid Vacation, Parental and Family Leave",2024-07-13
https://remote.co/job/senior-staff-software-engineer-backend-13/,"[Senior/Staff] Software Engineer, Backend",Machinify,"Back-End, Developer","Location: Remote, US","Benefits: Career Development, 401k Matching/Retirement Savings..., Dental Insurance, Family/Dependent Health, Health Insurance, Vision Insurance, Flexible/Unlimited PTO, Paid Vacation",2024-07-13
https://remote.co/job/senior-frontend-engineer-13-3/,Senior Frontend Engineer,Accompany Health,"Developer, Front-End","Location: Remote, US",Benefits: Career Development,2024-07-13
https://remote.co/job/experienced-software-engineer-frontend-engineer-13/,Experienced Software Engineer - Frontend Engineer,Plaid,"Developer, Front-End","Location: Remote, US","Benefits: 401k Matching/Retirement Savings, Dental Insurance..., Health Insurance, Vision Insurance, Paid Vacation",2024-07-13
https://remote.co/job/sr-software-engineer-frontend-13/,"Sr. Software Engineer, Frontend","Hims & Hers Health, Inc.","Developer, Front-End","Location: Remote, US","Benefits: 401k Matching/Retirement Savings, Dental Insurance..., Health Insurance, Vision Insurance, Flexible/Unlimited PTO, Paid Holidays, Paid Vacation, Parental and Family Leave",2024-07-13
https://remote.co/job/ux-design-lead-13/,UX Design Lead,NetSPI,"Design, UI/UX Design","Location: Remote, US",,2024-07-13
https://remote.co/job/content-writer-software-engineering-10/,"Content Writer, Software Engineering",Flatiron School,Writing,"Location: Remote, US",,2024-07-10
https://remote.co/job/senior-software-engineer-backend-10-2/,"Senior Software Engineer, Backend",Evolve,"Back-End, Developer","Location: Remote, US Denver, Colorado","Benefits: Career Development, 401k Matching/Retirement Savings..., Dental Insurance, Health Insurance, Vision Insurance, Paid Holidays, Paid Vacation, Parental and Family Leave",2024-07-10
https://remote.co/job/senior-frontend-software-engineer-10/,Senior Frontend Software Engineer,Hungryroot,"Developer, Front-End","Location: Remote, US","Benefits: 401k Matching/Retirement Savings, Dental Insurance..., Health Insurance, Vision Insurance, Parental and Family Leave, Remote/WFH Office Stipend",2024-07-10
https://remote.co/job/podcast-producer-9/,Podcast Producer,Lower Street,Other,Location: Remote,,2024-07-09
https://remote.co/job/nurse-care-navigator-8/,Nurse Care Navigator,Sana Benefits,"Healthcare, Nursing","Location: Remote, US",,2024-07-08
https://remote.co/job/senior-contributor-success-fullstack-engineer-8/,Senior Contributor Success Fullstack Engineer,GitLab,"Developer, Full-Stack","Location: Remote, US","Benefits: Flexible/Unlimited PTO, Paid Vacation..., Parental and Family Leave",2024-07-08
https://remote.co/job/sr-ruby-on-rails-developer-pinseeker-8/,"Sr. Ruby on Rails Developer, PinSeeker",Vista Outdoor,"Developer, Ruby on Rails","Location: Remote, US","Benefits: 401k Matching/Retirement Savings, Dental Insurance..., Disability Insurance, Health Insurance, Life Insurance, Vision Insurance, Paid Vacation",2024-07-08
https://remote.co/job/senior-unix-qa-test-development-engineer-4/,Senior Unix QA Test Development Engineer,DomainTools,QA,"Location: Remote, US",,2024-07-04
https://remote.co/job/nurse-care-navigator-4/,Nurse Care Navigator,Sana Benefits,"Healthcare, Nursing","Location: Remote, US",,2024-07-04
https://remote.co/job/senior-software-engineer-frontend-3-3/,Senior Software Engineer | Frontend,Ramp Business Corporation,"Developer, Front-End","Location: Remote, US","Benefits: Career Development, 401k Matching/Retirement Savings..., Dental Insurance, Health Insurance, Vision Insurance, Flexible/Unlimited PTO, Paid Vacation, Parental and Family Leave",2024-07-03
https://remote.co/job/sr-software-engineer-backend-platform-3/,"Sr. Software Engineer, Backend (Platform)","Hims & Hers Health, Inc.","Back-End, Developer","Location: Remote, US","Benefits: Career Development, 401k Matching/Retirement Savings..., Dental Insurance, Health Insurance, Vision Insurance, Flexible/Unlimited PTO, Paid Holidays, Paid Vacation, Parental and Family Leave, Gym or Health Memberships/Stipends",2024-07-03
https://remote.co/job/backend-engineer-3-2/,Backend Engineer,Udacity,"Back-End, Developer","Location: Remote, US","Benefits: Career Development, Family/Dependent Health..., Health Insurance, Paid Vacation",2024-07-03
https://remote.co/job/senior-react-react-native-developer-2/,Senior React & React Native Developer,Lemon.io,Developer,Location: Remote,,2024-07-02
https://remote.co/job/senior-backend-engineer-activation-2/,Senior Backend Engineer - Activation,Virta Health,"Back-End, Developer","Location: Remote, US",Benefits: Career Development,2024-07-02
https://remote.co/job/senior-backend-engineer-developer-platform-2/,"Senior Backend Engineer, Developer Platform",Webflow,"Back-End, Developer","Location: Remote, US Ontario, British Columbia","Benefits: Career Development, 401k Matching/Retirement Savings..., Dental Insurance, Family/Dependent Health, Health Insurance, Vision Insurance, Commuter Benefits, Flexible/Unlimited PTO, Parental and Family Leave, Mental Health Support Programs",2024-07-02
https://remote.co/job/senior-technical-writer-1-2/,Senior Technical Writer,Compose.ly,IT,"Location: Remote, US",,2024-07-01
https://remote.co/job/ubuntu-linux-kernel-engineer-silicon-enablement-30/,Ubuntu Linux Kernel Engineer - Silicon Enablement,Canonical,IT,"Location: Remote, Work from Anywhere","Benefits: Career Development, Tuition/Education Assistance..., Paid Holidays, Parental and Family Leave",2024-06-30
https://remote.co/job/senior-software-engineer-frontend-30/,"Senior Software Engineer, Frontend",TRM Labs,"Developer, Front-End","Location: Remote, US","Benefits: Career Development, 401k Matching/Retirement Savings..., Dental Insurance, Disability Insurance, Health Insurance, Life Insurance, Vision Insurance, Paid Holidays, Paid Vacation, Parental and Family Leave",2024-06-30
https://remote.co/job/senior-qa-engineer-30/,Senior QA Engineer,Social Discovery Group,QA,"Location: Remote, Work from Anywhere",,2024-06-30
https://remote.co/job/client-support-qa-engineer-30/,Client Support QA Engineer,Cohere Health,QA,"Location: Remote, US","Benefits: Health Insurance, Paid Vacation",2024-06-30
https://remote.co/job/senior-backend-engineer-customer-experience-30/,"Senior Backend Engineer, Customer Experience",Included Health,"Back-End, Developer","Location: Remote, US","Benefits: 401k Matching/Retirement Savings, Dental Insurance..., Disability Insurance, Family/Dependent Health, Health Insurance, Vision Insurance, Paid Community Service Time, Paid Holidays, Paid Vacation, Parental and Family Leave",2024-06-30
https://remote.co/job/ux-designer-30-3/,UX Designer,Turvo,"Design, UI/UX Design","Location: Remote, US",,2024-06-30
https://remote.co/job/technical-writer-30-4/,Technical Writer,Barbaricum,IT,"Location: Remote, US",,2024-06-30
https://remote.co/job/product-operations-manager-authorizations-27/,"Product Operations Manager, Authorizations",Notable Health,"Operations, Project Manager","Location: Remote, US",,2024-06-27
https://remote.co/job/senior-staff-data-engineer-26/,Senior/Staff Data Engineer,StackAdapt,"Data Science, IT","Location: Remote, US","Benefits: Career Development, Health Insurance..., Paid Holidays, Paid Vacation, Parental and Family Leave",2024-06-26
https://remote.co/job/senior-lead-ux-designer-26/,Senior Lead UX Designer,GoDaddy,"Design, UI/UX Design","Location: Remote, US","Benefits: 401k Matching/Retirement Savings, Paid Vacation..., Parental and Family Leave",2024-06-26
https://remote.co/job/principal-qa-automation-engineer-team-lead-26/,Principal QA Automation Engineer (Team Lead),Upgrade Inc.,QA,"Location: Remote, US","Benefits: Dental Insurance, Health Insurance..., Vision Insurance, Flexible/Unlimited PTO, Paid Vacation, Parental and Family Leave",2024-06-26
https://remote.co/job/senior-software-engineer-ruby-on-rails-26-2/,Senior Software Engineer (Ruby on Rails),Clario Technology,"Developer, Ruby on Rails","Location: Remote, US",,2024-06-26
https://remote.co/job/full-stack-engineer-ruby-go-26/,Full Stack Engineer (Ruby/Go),Mitratech,"Developer, Ruby on Rails","Location: Remote, US","Benefits: Career Development, 401k Matching/Retirement Savings..., Dental Insurance, Disability Insurance, Health Insurance, Life Insurance, Vision Insurance, Paid Holidays, Paid Sick Leave, Paid Vacation, Parental and Family Leave",2024-06-26
https://remote.co/job/senior-react-react-native-developer-24/,Senior React & React Native Developer,Lemon.io,Developer,Location: Remote,,2024-06-24
https://remote.co/job/senior-backend-engineer-23-4/,Senior Backend Engineer,Alma Mental Health Care,"Back-End, Developer","Location: Remote, US","Benefits: Dental Insurance, Health Insurance..., Vision Insurance, Flexible/Unlimited PTO, Paid Community Service Time, Paid Holidays, Paid Vacation, Parental and Family Leave",2024-06-23
https://remote.co/job/lead-engineer-22/,Lead Engineer,Duke Energy,IT,"Location: Remote, US Charlotte, North Carolina","Benefits: Career Development, Paid Vacation",2024-06-22
